{
  "dimensions": [
    {"name": "x",   "min": 0.7200,    "max": 1.1000,      "n_segments": 4},
    {"name": "y",   "min": -0.300,    "max": 0.7550,      "n_segments": 4},
    {"name": "θ",   "min":  0,        "max": 0,           "n_segments": 1}
  ],
  "initial_joint_config": [0.8632476883825165, -0.08513593372764046, -0.6530923204422149, 0.7949855433216156, 2.096568241842389, -1.222966183141646, -0.9449321653374149],
  "n_objects": 1
}