{
  "dimensions": [
    {"name": "x",   "min": 0.7200,    "max": 1.1000,      "n_segments": 4},
    {"name": "y",   "min": -0.300,    "max": 0.7550,      "n_segments": 4},
    {"name": "θ",   "min":  0,        "max": 0,           "n_segments": 1}
  ],
  "initial_joint_config": [1.04349043096, -0.220126243062, -0.7470486437, 1.52439340796, 1.88181093154, -0.96870886755, 1.02968460387],
  "n_objects": 1
}