{
  "dimensions": [
    {"name": "x",   "min":  0.7056,   "max": 1.0796,      "n_segments": 4},
    {"name": "y",   "min": -0.2367,   "max": 0.7833,      "n_segments": 4},
    {"name": "θ",   "min":  0,        "max": 0,           "n_segments": 1}
  ],
  "initial_joint_config": [1.04349043096, -0.220126243062, -0.7470486437, 1.52439340796, 1.88181093154, -0.96870886755, -0.490873852123],
  "n_objects": 1
}